mutant,score
S1631C,0.133622447
S1631G,0.305708317
S1631T,-0.895747939
S1631R,0.154709038
S1631I,-1.180831843
S1631N,-0.610018672
V1632L,-0.794290561
V1632G,-0.55426026
V1632E,0.185324553
V1632A,-0.016459957
V1632M,-0.439777683
S1633G,-0.25265094
S1633I,0.050632554
S1633C,1.094138314
S1633T,-0.412856231
S1633R,-1.070400098
S1633N,-0.122721153
R1634T,0.702940696
R1634G,0.5192929470000001
R1634K,0.2687675989999999
R1634S,1.306892088
E1635V,-0.11312094
E1635Q,-0.312102905
E1635K,0.218818423
E1635G,-0.096754391
E1635D,-0.524113645
E1635A,-0.1650631219999999
K1636T,0.0119658189999999
K1636R,0.016185996
K1636E,0.646739008
K1636M,-0.0779957209999999
K1636Q,0.416121154
K1636N,0.07298451
P1637R,-0.061755841
P1637S,0.377990217
P1637T,-0.65991885
P1637A,0.271299863
P1637L,-0.417492856
P1637Q,-0.286928235
E1638V,-0.276578724
E1638Q,0.209717916
E1638A,0.112986175
E1638D,-0.211556713
E1638K,-0.4254594439999999
E1638G,-0.191476377
L1639F,0.593827847
L1639M,-0.129775074
L1639S,0.396995548
L1639W,-0.156545823
L1639V,0.985678872
T1640S,-0.125729669
T1640R,-0.113288212
T1640A,-0.239408828
T1640I,-0.021898697
T1640K,0.036828949
T1640P,0.331681383
A1641D,0.441891175
A1641G,-0.288384856
A1641V,0.362735801
A1641T,0.3756894779999999
A1641S,-0.927134134
A1641P,-0.287473571
S1642T,0.4323423529999999
S1642P,0.46069813
S1642L,0.056911605
S1642A,-0.048817492
T1643I,-0.174565421
T1643A,0.124293669
T1643S,0.322239809
T1643R,-0.226536685
T1643P,-0.075218103
T1643K,-0.159561512
E1644G,0.019628499
E1644K,-0.195403393
E1644Q,0.288594316
E1644V,-0.0707839359999999
E1644A,-0.128459395
E1644D,0.490304116
R1645G,0.292396293
R1645K,-0.056075172
R1645M,-0.7774597329999999
R1645S,0.418234042
R1645W,-0.027223932
R1645T,0.134062079
V1646A,0.052774638
V1646D,0.013159575
V1646I,-0.283400558
V1646G,0.512206875
V1646F,-0.4559779129999999
V1646L,-0.233034711
N1647T,0.107487391
N1647S,0.318003895
N1647I,0.081979622
N1647D,-0.095048221
N1647K,-0.114103274
N1647Y,0.269235813
N1647H,0.062515946
K1648R,0.004237739
K1648E,0.362390956
K1648I,0.168571556
K1648N,0.111407047
K1648Q,-0.24992858
K1648T,-0.049865482
R1649I,0.139303583
R1649K,0.075178455
R1649S,-0.1427936219999999
R1649T,-0.2141811069999999
R1649G,0.522231651
M1650R,0.292724427
M1650L,-0.1171225509999999
M1650K,0.081676731
M1650I,0.0934307619999999
M1650T,0.210380627
M1650V,0.7583845379999999
S1651A,0.3435799579999999
S1651C,-0.293665511
S1651F,-0.6317969139999999
S1651P,-1.4786487069999998
S1651T,-0.2844947869999999
S1651Y,-0.322341632
M1652R,-1.890501274
M1652I,0.1434888259999999
M1652T,-0.3530852270000001
M1652L,0.321293604
M1652V,0.100098058
M1652K,-1.532355463
V1653A,0.171399878
V1653E,-1.5036977219999998
V1653G,-0.263024274
V1653L,-1.797284256
V1654A,0.169871102
V1654M,0.06610235
V1654G,-0.188828198
V1654L,-0.169476903
V1654E,-1.067963986
S1655A,-1.135430433
S1655C,-1.539666922
S1655T,-0.6662035
S1655F,-1.555696871
S1655P,-1.782506156
S1655Y,-2.4978888930000003
G1656C,-0.1117741959999999
G1656A,0.24231314
G1656D,-0.53894391
G1656S,-0.499145945
G1656V,-0.66980237
G1656R,0.135780354
L1657M,0.099945891
L1657Q,-1.758251275
L1657P,-1.526102897
L1657R,-1.646806019
L1657V,0.32869041
T1658A,0.257015715
T1658S,0.483314353
P1659A,0.28409581
P1659L,0.231939078
P1659R,0.133281467
P1659Q,0.512326669
P1659T,0.629009943
P1659S,0.352563322
E1660V,0.018955528
E1660Q,0.1683365389999999
E1660G,0.1845388919999999
E1660D,-0.110672755
E1660A,0.134577314
E1660K,-0.63049767
E1661D,0.333820624
E1661A,-0.5814554439999999
E1661G,-0.7970232359999999
E1661K,-0.311873629
E1661Q,-0.16863073
E1661V,-0.584913205
F1662Y,0.05287222
F1662S,-0.254857538
F1662L,-0.650154024
F1662I,0.260322651
F1662C,0.748164167
F1662V,-0.0577000229999999
M1663T,-0.8088266940000001
M1663R,-1.935119217
M1663L,-1.062924694
M1663K,-2.052323801
M1663I,-0.052540097
M1663V,-0.015246602
L1664V,-0.447092426
L1664R,-0.5219936479999999
L1664P,-0.010177224
L1664I,-0.327476217
L1664H,0.034633749
L1664F,0.047215136
V1665A,0.012045065
V1665E,-1.72003405
V1665G,-0.53527218
V1665L,-0.908947433
V1665M,0.024768716
Y1666D,0.028524331
Y1666H,0.733635002
Y1666S,-0.151134009
Y1666C,0.083456764
Y1666N,0.042238143
Y1666F,-0.04103853
K1667E,0.270624841
K1667N,-0.975486241
K1667Q,0.14119934
K1667M,0.13266039
K1667T,-0.460669232
K1667R,-0.7148183290000001
F1668I,-0.17881636
F1668L,-1.489862751
F1668C,-0.325029892
F1668Y,-0.04805012
F1668S,-1.760687133
F1668V,-0.6634867489999999
A1669P,-1.803284855
A1669S,-0.401850537
A1669T,0.033971254
A1669D,-1.013676469
A1669G,-0.336644052
R1670T,-0.983168111
R1670S,-0.080312089
R1670G,0.2177657989999999
R1670I,-0.4581634539999999
R1670K,-1.552697925
K1671E,0.091841339
K1671I,0.206516491
K1671Q,0.242271091
K1671R,0.298685821
K1671T,0.4435115979999999
K1671N,0.244102202
H1672Q,0.0992263509999999
H1672R,0.504252734
H1672Y,-0.083477624
H1672D,-0.83316235
H1672N,0.037593239
H1672L,0.664878571
H1672P,-1.602622252
H1673Y,0.205780716
H1673D,-0.132855873
H1673L,0.660457446
H1673N,-0.131497557
H1673P,-0.073804345
H1673Q,0.038896316
H1673R,0.066415102
I1674L,0.384051777
I1674T,0.028325171
I1674V,0.262136308
T1675S,0.209150702
T1675P,0.339670951
T1675A,0.2279252439999999
T1675I,0.036029592
T1675N,0.062514159
L1676V,0.20710201
L1676I,0.0583028529999999
L1676F,0.296732225
T1677N,-0.203384271
T1677S,0.290125053
T1677P,-0.682736497
T1677I,-1.013694589
T1677A,-0.3980415479999999
N1678D,0.5196452570000001
N1678Y,-0.079988029
N1678H,-0.163272826
N1678I,-0.693611146
N1678S,0.2029688969999999
N1678K,-0.171434971
N1678T,0.268235298
L1679I,-0.055039057
L1679P,0.117379359
L1679Q,0.252101032
L1679R,0.254610926
L1679V,0.3703399229999999
I1680L,0.461382067
I1680F,-0.100445938
I1680T,0.179818283
I1680S,-0.272118588
I1680M,0.073122806
I1680N,-0.243164421
I1680V,0.15805763
T1681P,-2.066143297
T1681N,-0.463855564
T1681A,0.409708739
T1681S,-0.671511512
T1681I,-0.786038538
E1682V,-1.939631143
E1682K,-1.7973765730000002
E1682Q,-0.978868465
E1682A,-0.44902225
E1682D,-0.861915543
E1682G,0.368825081
E1683Q,-2.02639001
E1683A,0.03721526
E1683K,-1.990752034
E1683G,-1.097150527
E1683D,-0.162661634
E1683V,-1.331793395
T1684N,-1.250973785
T1684A,-0.652545724
T1684S,-1.3050087190000002
T1684P,-1.468392392
T1684I,-1.973014698
T1685N,-1.827168684
T1685P,-1.5578809180000002
T1685A,-1.840668217
T1685I,-1.991576216
T1685S,-1.950882177
H1686Q,-1.585423786
H1686P,-1.965556698
H1686N,-2.394087682
H1686L,-1.556607261
H1686R,-1.336637073
H1686D,-1.652875247
H1686Y,-1.527259899
V1687F,-2.069983286
V1687A,-0.491271357
V1687D,-1.815000555
V1687G,-2.334281881
V1687I,-0.264841013
V1687L,-0.06950574
V1688A,-0.322963559
V1688D,-1.572097205
V1688I,0.04877562
V1688L,-0.416440551
V1688F,-1.873899169
V1688G,-2.295249234
M1689V,0.5615404039999999
M1689I,-0.095807981
M1689K,-1.813109474
M1689L,-0.031839984
M1689R,-2.077420101
M1689T,0.042316509
K1690R,0.130445951
K1690N,-0.066343939
K1690I,-1.155802213
K1690T,-1.319579032
K1690Q,-0.112956322
K1690E,-0.629180785
T1691A,-1.196233684
T1691R,-2.049631434
T1691P,-1.7398171830000002
T1691K,-1.854934485
T1691I,-1.39646249
T1691S,0.042523875
D1692N,-1.864842698
D1692A,-2.080882447
D1692E,-2.147332662
D1692H,-1.578508318
D1692Y,-1.268931136
D1692V,-1.685672501
D1692G,-1.111542387
A1693V,-1.67152473
A1693D,-1.5399910980000002
A1693G,-1.021959091
A1693T,-0.444567907
A1693S,-1.474986098
A1693P,-0.192657401
E1694A,0.143761629
E1694Q,-0.604248156
E1694K,-1.755455826
E1694G,-0.045889999
E1694D,-0.187649735
E1694V,-0.026402047
F1695V,-1.801945905
F1695Y,0.019043708
F1695L,0.227802227
F1695C,-0.022411919
F1695I,-1.02976164
F1695S,0.133192503
V1696L,-0.945259125
V1696A,0.036802542
V1696E,-1.622381352
V1696G,-1.329956442
V1696M,-0.298896816
C1697F,-2.396256782
C1697G,-0.304249046
C1697R,-2.149392198
C1697S,-0.012695218
C1697W,-2.250071798
C1697Y,-2.057780426
E1698V,-0.044283732
E1698Q,-0.043776366
E1698D,0.1091900059999999
E1698K,-0.063261272
E1698G,-0.138484129
E1698A,-0.0592878379999999
R1699L,-1.555941912
R1699G,-2.210161588
R1699P,-1.548522539
T1700R,-1.704946387
T1700P,-2.279978858
T1700K,-2.075217324
T1700I,-2.49174636
T1700A,-2.022891397
L1701V,-0.118243586
L1701R,-0.466710466
L1701M,0.183322291
L1701Q,-0.143577597
L1701P,-1.300430591
K1702N,-1.975027265
K1702Q,-2.278785445
K1702R,-1.741090006
K1702T,-1.581271126
K1702E,-2.020249694
K1702I,-2.017579191
Y1703D,-2.34851835
Y1703F,-0.181696427
Y1703H,-1.701735098
Y1703N,-2.212963851
Y1703S,-2.065719894
Y1703C,-1.820256454
F1704S,-2.110953716
F1704L,-1.780220727
F1704Y,-2.123416074
F1704V,-2.147007982
F1704I,-1.4549475230000002
F1704C,-1.70622233
L1705I,-0.134881303
L1705Q,-0.190565784
L1705R,-1.174174853
L1705V,-0.147693793
L1705P,-2.154313061
G1706A,-0.05142991
G1706E,-2.4529898180000003
G1706V,-2.322979207
G1706R,-2.379797633
I1707N,-0.6894446759999999
I1707V,0.066909656
I1707F,-2.348219461
I1707L,0.078022189
I1707T,-0.143325095
I1707S,-2.295094451
I1707M,-0.275064271
A1708E,-2.008257997
A1708V,-0.222956413
A1708T,-1.359454021
A1708S,-0.5148013220000001
A1708P,-2.263130748
A1708G,-2.2288835330000003
G1709R,-0.09621458
G1709V,-1.382600556
G1709E,-0.558665498
G1709A,0.116068252
G1710V,-0.414221853
G1710R,-0.014297121
G1710A,-0.110930986
G1710E,-0.351688542
K1711Q,-0.0058310919999999
K1711R,0.1461355309999999
K1711T,-0.008693213
K1711I,-0.08417018
K1711N,0.1111473319999999
K1711E,-1.825111171
W1712R,-0.2370087669999999
W1712S,-0.35451998
W1712G,-2.136250219
W1712C,-0.0004067209999999
W1712L,-0.333901531
V1713L,0.210837512
V1713A,-1.755476485
V1713E,-2.183787865
V1713I,0.228950411
V1713G,-1.88795031
V1714A,-1.299338853
V1714I,-0.438877129
V1714G,-2.079409178
V1714F,-1.854755315
V1714D,-2.0749950630000003
V1714L,-0.011433771
S1715R,-1.871063083
S1715G,-0.894501575
S1715T,-0.543038028
S1715I,-2.023040734
S1715N,-2.294657307
S1715C,-1.698659427
Y1716D,0.017989542
Y1716F,0.06187088
Y1716H,0.293174678
Y1716N,0.018086242
Y1716S,0.068957645
Y1716C,-0.344807992
F1717Y,0.021042059
F1717L,0.19828517
F1717S,0.038652294
F1717V,0.009304937
F1717I,-0.567159028
F1717C,0.169709433
W1718S,-1.186702945
W1718R,-1.6781225919999998
W1718L,-1.3711552319999998
W1718G,-1.874947599
W1718C,-1.575707705
V1719A,0.374786796
V1719E,-1.925277452
V1719G,-1.38364631
V1719L,-0.561705913
V1719M,-0.5405589
T1720A,0.132285866
T1720S,0.3804065889999999
Q1721R,-0.203878344
Q1721P,-2.352740782
Q1721L,0.055847962
Q1721K,-0.008477079
Q1721H,0.054679398
Q1721E,-0.1202056169999999
S1722C,0.197527537
S1722A,0.0294942539999999
S1722P,-1.65174167
S1722T,-0.377101067
S1722F,-0.8342463790000001
S1722Y,-1.284016223
I1723L,0.054043046
I1723S,-0.267795187
I1723V,0.283315191
I1723T,0.355145638
I1723N,-0.126123105
I1723M,0.00779992
I1723F,0.2158082989999999
K1724N,-0.057957456
K1724Q,-0.342907545
K1724R,-0.0009315619999999
K1724T,-0.193830018
K1724I,-0.1889033439999999
K1724E,-0.051271157
E1725Q,-0.4111982939999999
E1725K,-0.461716897
E1725G,0.23084079
E1725D,-0.155152046
E1725A,0.1853739639999999
E1725V,-0.2767129889999999
R1726I,-0.313708723
R1726G,0.139873673
R1726T,-0.108020882
R1726S,-0.145743968
R1726K,0.065606784
K1727R,0.090003834
K1727N,0.068940287
K1727Q,0.295675239
K1727T,0.177259858
K1727I,0.02205352
K1727E,0.55203429
M1728V,0.113929224
M1728T,0.164069415
M1728L,-0.2920132689999999
M1728K,0.243499453
M1728I,0.151964853
M1728R,-0.298201446
L1729R,0.070333078
L1729Q,-0.129532584
L1729V,0.196300676
L1729M,-0.437496985
L1729P,-1.258118135
N1730H,0.421659854
N1730I,-0.32964611
N1730K,0.34805014
N1730S,0.2324219119999999
N1730T,-0.178811215
N1730Y,0.4249335999999999
N1730D,-0.003642159
E1731A,0.275906423
E1731K,-2.769776089
E1731G,0.065227302
E1731Q,-0.85868058
E1731V,-0.203848215
E1731D,-0.0311382529999999
H1732D,-0.176629406
H1732R,0.333391436
H1732Q,-0.10668094
H1732Y,-0.662483092
H1732P,0.145482326
H1732N,-0.586664005
H1732L,0.071120424
D1733A,0.158927256
D1733E,0.22581061
D1733H,-0.054488878
D1733V,-0.445244049
D1733Y,-0.633444213
D1733G,0.167600774
D1733N,-0.511247529
F1734C,-3.36637908
F1734I,-2.255002356
F1734L,-1.868299863
F1734V,-2.481021196
F1734Y,-0.1230113259999999
F1734S,-2.033809729
E1735K,-3.2429455430000003
E1735A,-0.503115482
E1735D,-1.230850862
E1735G,-1.835119675
E1735Q,-0.249794862
E1735V,0.098740887
V1736F,-2.380463702
V1736L,-1.845344667
V1736I,-0.051934422
V1736A,-1.603092599
V1736D,-1.931173292
V1736G,-1.733293339
R1737I,0.204096136
R1737K,-0.949347403
R1737S,0.100274641
R1737T,-0.029514156
R1737G,-0.347344956
G1738A,-2.423903607
G1738E,-2.635341621
G1738R,-3.661620453
G1738V,-2.739325547
D1739G,-2.43103073
D1739H,-2.767134079
D1739E,-2.913167418
D1739A,-2.475646402
D1739N,-0.114011824
D1739V,-1.993767422
D1739Y,-2.529119775
V1740G,-0.506044073
V1740L,-0.063516068
V1740A,0.079659853
V1741D,-1.90564466
V1741L,-0.7829546629999999
V1741I,0.162782347
V1741A,-0.27418775
N1742Y,-1.123927302
N1742S,0.067229341
N1742T,0.20615039
N1742D,-0.749588492
N1742I,-0.341116351
N1742H,-0.028315612
N1742K,-0.122821188
G1743A,-1.213395644
G1743E,-2.831105914
G1743R,-2.681421497
G1743V,-1.689462298
R1744K,0.217324419
R1744I,-0.611578163
R1744S,0.2605459
R1744T,-0.355909945
R1744G,-0.0269147979999999
N1745Y,0.065234813
N1745T,-0.073278435
N1745S,0.195848238
N1745K,-0.051505797
N1745I,0.519271991
N1745H,0.209290415
N1745D,0.079887682
H1746D,-1.779168015
H1746L,-0.470063509
H1746N,-0.759565562
H1746Q,-0.89682755
H1746P,-2.566477457
H1746R,-0.566534227
H1746Y,-2.304745702
Q1747R,0.20084236
Q1747E,-0.371298205
Q1747P,-2.105208429
Q1747H,0.002338777
Q1747K,-0.4173186579999999
Q1747L,0.161184595
G1748A,-0.721756325
G1748C,-2.706851164
G1748V,-1.268008407
G1748D,-1.651899187
G1748S,-0.375461919
G1748R,-3.093498513
P1749A,-0.153996475
P1749Q,-2.675987136
P1749R,-3.306062513
P1749S,-1.44884667
P1749T,-0.653988637
P1749L,-2.091518939
K1750N,-0.185011355
K1750E,-0.6306338020000001
K1750T,-0.16692092
K1750R,0.3649444189999999
K1750Q,0.290074466
K1750M,-0.04157237
R1751Q,-0.149920264
R1751G,-1.4725156659999998
R1751L,-0.3719187
R1751P,-2.860787068
A1752P,-3.126781127
A1752V,-1.738491962
A1752T,-2.585788759
A1752S,0.018962269
A1752G,-0.281368162
A1752E,-3.0378302230000003
R1753K,-1.934324702
R1753T,-2.370420437
R1753S,-2.128715587
R1753G,-2.421415113
R1753I,-2.516981978
E1754G,-0.106235488
E1754D,-0.126836886
E1754Q,0.0153458869999999
E1754K,-0.318323796
E1754A,0.283962926
E1754V,-0.057690347
S1755A,-0.183185182
S1755Y,-0.484283481
S1755T,-0.188463324
S1755P,-0.282334304
S1755F,-0.154077949
S1755C,0.121448366
Q1756H,-0.2875966339999999
Q1756P,0.11976869
Q1756L,0.418980606
Q1756K,-0.285468104
Q1756E,0.5876090039999999
Q1756R,0.26061444
D1757Y,0.09195191
D1757V,-0.065095064
D1757N,-0.146850128
D1757H,0.003611736
D1757G,-0.22913632
D1757E,0.0419794479999999
D1757A,0.3379905789999999
R1758I,-0.170083405
R1758T,-0.107145801
R1758S,0.103330787
R1758K,0.059075947
R1758G,0.3154916239999999
K1759M,0.37986441
K1759E,0.156731174
K1759N,0.036740349
K1759T,-0.259852223
K1759R,-0.054416045
K1759Q,0.272969813
I1760S,-2.271126986
I1760F,-0.896258271
I1760L,-0.1927880689999999
I1760M,-0.167247725
I1760N,-2.181993712
I1760T,-2.605287949
I1760V,-0.198692768
F1761Y,-1.034478207
F1761C,-3.000722887
F1761I,-3.434960657
F1761L,-0.080100771
F1761S,-3.081528484
F1761V,-2.661537635
R1762S,0.111612808
R1762M,0.264115311
R1762K,-0.142165264
R1762G,-0.176011985
R1762T,-0.287184713
R1762W,0.2466609
G1763V,-1.830636761
G1763R,-0.664336515
G1763A,0.636291743
L1764V,-0.502673316
L1764Q,-1.681584109
L1764P,-1.986744563
L1764I,-0.457075646
E1765A,-0.207861896
E1765G,-0.945497358
E1765K,-0.102273748
E1765Q,-0.450121558
E1765V,-0.197631605
E1765D,-0.028361828
I1766L,0.275411155
I1766V,-0.027999827
I1766F,-0.2489297889999999
I1766T,-2.272676881
I1766S,-1.832268401
I1766M,-0.314915848
I1766N,-2.947427858
C1767S,-0.966362392
C1767W,-1.195495022
C1767F,-0.037427329
C1767R,-1.023520731
C1767G,-0.961465889
C1767Y,-0.018461294
C1768Y,-0.735895408
C1768W,-1.883722065
C1768F,-1.623083698
C1768S,-0.513420935
C1768R,-1.22753279
C1768G,-0.967951041
Y1769S,-0.454148627
Y1769N,-0.174143412
Y1769D,-1.754691641
Y1769C,-0.848123415
Y1769F,0.222513049
G1770W,-2.726979004
G1770V,-2.598026614
G1770R,-1.263370297
G1770E,-0.24180534
G1770A,0.177727283
P1771A,-0.660597065
P1771H,-0.187415676
P1771L,-0.7084484520000001
P1771R,-0.472155007
P1771S,0.636000094
P1771T,-0.582526407
F1772Y,0.05286372
F1772V,-1.019752288
F1772S,-0.10482076
F1772L,-0.681683378
F1772I,-0.203447138
F1772C,-0.318746863
T1773S,-0.785410272
T1773P,-0.067303492
T1773N,-0.507254589
T1773I,0.200455715
T1773A,-0.986490293
N1774Y,-0.045066749
N1774H,0.136919874
N1774T,0.0032802309999999
N1774S,-0.1086417119999999
N1774K,-0.016030451
N1774I,-0.143580172
N1774D,0.066732338
M1775I,-0.844174268
M1775K,-1.831862366
M1775R,-1.392638445
M1775T,-0.703426201
M1775V,-1.5220423019999998
M1775L,0.159622888
P1776A,-0.29748191
P1776H,0.332097385
P1776L,-0.3653633120000001
P1776R,-0.077755265
P1776S,-0.463819845
P1776T,-0.151370595
T1777S,-0.017011003
T1777R,-0.25998477
T1777P,0.09141921
T1777K,-0.230527311
T1777I,-0.453445016
T1777A,0.115434624
D1778V,0.0108527639999999
D1778Y,-1.052680353
D1778N,-1.017950484
D1778E,0.072841464
D1778A,0.04797171
D1778G,-0.093197797
Q1779R,-0.082708212
Q1779P,-0.597503848
Q1779E,-0.201378826
Q1779H,0.102366918
Q1779K,0.1746976639999999
Q1779L,0.081959098
L1780P,-2.354943895
L1780V,-0.6909530420000001
L1780R,-1.982653745
E1781K,0.122330704
E1781A,0.400263043
E1781Q,0.1928245539999999
E1781D,0.069135895
E1781V,0.2054984269999999
W1782R,0.301775217
W1782S,0.180529843
W1782C,-0.038111181
W1782G,0.005755388
W1782L,0.003886588
M1783K,-1.5123368190000002
M1783V,-0.11405249
M1783T,-0.442333511
M1783R,-2.113652955
M1783L,0.133379333
M1783I,0.214041727
V1784A,0.288345831
V1784G,-0.482147505
V1784L,-0.186488935
V1784I,-0.052235209
V1784E,-2.082720016
Q1785H,-0.35794075
Q1785L,0.064799707
Q1785P,-1.5255604319999998
Q1785R,0.10397113
Q1785E,0.269408297
Q1785K,-0.283400305
L1786R,-0.151024584
L1786M,-0.177410617
L1786P,-1.521510546
L1786Q,-0.200929901
L1786V,-0.196547915
C1787Y,-1.75624866
C1787F,-0.299372081
C1787G,0.158224375
C1787R,-1.925618478
C1787S,-0.309405568
C1787W,-1.955358378
G1788V,-1.679715181
G1788S,-1.3525233209999998
G1788R,-2.185787155
G1788D,-0.6931082120000001
G1788C,-1.885704165
G1788A,-1.412131697
A1789V,-1.999552943
A1789T,-2.139004464
A1789D,-2.497897916
A1789P,-1.671327794
A1789G,-0.161095734
A1789S,-0.439408021
S1790A,0.25068559
S1790Y,-0.351389324
S1790C,0.159635608
S1790P,-0.545062214
S1790T,0.1676731
S1790F,-0.24334366
V1791A,0.185419113
V1791E,-1.189003788
V1791G,-0.654299843
V1791L,0.037219754
V1791M,-0.252402919
V1792M,-0.1368146969999999
V1792E,-1.03390543
V1792L,-0.323216047
V1792G,-0.585138825
V1792A,0.290276502
K1793E,0.14035815
K1793T,0.304856631
K1793R,0.472239647
K1793Q,0.190832525
K1793N,-0.8761975329999999
K1793M,-0.350282463
E1794V,-0.277387579
E1794G,0.4945250470000001
E1794D,-0.081595019
E1794K,-0.191608109
E1794A,0.1332610669999999
E1794Q,0.08847117
L1795I,-0.3706529289999999
L1795H,-0.16182793
L1795F,0.193792115
L1795P,0.185247954
L1795V,-0.049730498
L1795R,0.032762638
S1796L,-0.783587017
S1796A,-0.0612245229999999
S1796T,-0.131191208
S1796P,-0.158763871
S1797L,-0.093689799
S1797P,0.039486467
S1797T,-0.126059918
S1797A,0.132073996
F1798V,-0.209132543
F1798Y,-0.012765803
F1798L,0.061988747
F1798I,-0.20296737
F1798C,-0.045273343
F1798S,0.109082853
T1799S,0.125790879
T1799P,0.06951319
T1799N,-0.281580312
T1799A,0.19731123
T1799I,0.056073639
L1800I,-0.000404225
L1800P,0.1714274489999999
L1800F,-0.054776004
L1800H,0.163739165
L1800V,-0.136279493
L1800R,0.020172492
G1801S,0.092973393
G1801A,0.007740476
G1801C,-0.1272595
G1801D,0.042955774
G1801R,-0.261908996
G1801V,0.265168855
T1802R,-0.060562918
T1802P,0.305814753
T1802K,-0.354782147
T1802A,0.0459927059999999
T1802S,0.074865725
T1802I,0.183191305
G1803D,-1.070930368
G1803A,0.0151078039999999
G1803C,0.30984265
G1803V,-0.349508563
G1803S,-0.320508703
G1803R,0.104268268
V1804G,-0.6972721709999999
V1804D,0.429372531
V1804A,0.08158347
V1804F,0.5567598220000001
V1804I,0.058148475
V1804L,-0.580450235
H1805R,-0.0100644569999999
H1805Y,0.1983641169999999
H1805Q,-0.291323809
H1805P,-0.083873047
H1805D,0.211689665
H1805N,0.140889196
H1805L,0.276406041
P1806R,0.160857415
P1806T,-0.304187042
P1806S,0.4775441379999999
P1806Q,0.073841597
P1806A,0.098106712
P1806L,-0.203817494
I1807N,-1.741497034
I1807S,-1.932774307
I1807T,-0.260029674
I1807V,0.161589837
I1807L,0.177009281
I1807F,-1.125070136
I1807M,0.165225199
V1808L,-0.227223409
V1808G,-1.930088141
V1808A,-0.798819225
V1809D,-1.3549039180000002
V1809A,-1.649958296
V1809I,-0.216144901
V1810M,-0.477757821
V1810L,-0.1213484999999999
V1810G,-3.3738808
V1810E,-1.563640679
V1810A,-0.036260638
Q1811H,-0.7477769590000001
Q1811E,-0.076575852
Q1811R,-1.711502186
Q1811K,-2.061911143
Q1811L,-3.420158147
Q1811P,-1.946901508
P1812R,0.261310921
P1812S,-0.326462941
P1812T,-0.074708535
P1812Q,-0.879112288
P1812A,-2.75730524
P1812L,-0.765334601
D1813E,-0.20293611
D1813A,0.025227332
D1813H,-0.981230415
D1813Y,-1.316304856
D1813N,-0.142261664
D1813V,-0.180560716
D1813G,0.21034116
A1814D,-1.254912402
A1814T,-0.180716298
A1814G,-1.37729254
A1814P,-0.846765222
A1814S,-0.671084707
A1814V,-0.359948472
W1815G,-0.624105915
W1815L,0.035890047
W1815R,-0.6029172770000001
W1815S,-1.549697531
W1815C,-1.666820032
T1816S,-0.582124911
T1816R,0.0848726
T1816A,-0.093720031
T1816I,0.018444786
T1816P,-0.302598613
T1816K,-0.505095338
E1817Q,-0.478225312
E1817K,0.126226954
E1817A,0.310352545
E1817D,-0.107234787
E1817G,0.7190111090000001
E1817V,-0.587397335
D1818N,-0.059666754
D1818V,0.155552919
D1818Y,0.029580237
D1818H,-1.966682516
D1818E,0.116922666
D1818G,-3.163035304
D1818A,-0.628332847
N1819D,0.000534279
N1819S,0.408757217
N1819T,-0.279502934
N1819Y,-0.449637787
N1819H,-0.415957444
N1819K,-0.086438508
N1819I,-0.270928279
G1820C,-0.609895505
G1820D,-0.325765931
G1820R,-0.154003266
G1820S,-0.3966206479999999
G1820V,0.262636792
G1820A,-0.784422946
F1821I,-0.437724082
F1821Y,-0.038687305
F1821V,-0.1953592569999999
F1821S,-0.112501489
F1821L,-0.453237634
F1821C,-0.73462888
H1822Y,-0.242424965
H1822R,-0.4249608179999999
H1822P,0.001600832
H1822D,0.2250137539999999
H1822L,-0.330819441
H1822N,0.219049203
H1822Q,0.07946948
A1823T,-3.186519076
A1823V,-0.438360206
A1823E,0.135290186
A1823G,-0.841867943
A1823P,-3.30464537
A1823S,-3.642830833
I1824V,-0.330562389
I1824L,-0.31378998
I1824S,-0.12643378
I1824N,-0.293590735
I1824M,-2.078019786
I1824T,-0.52808496
I1824F,-0.510016108
G1825E,-0.010771661
G1825R,-0.205906394
G1825V,-0.130113384
G1825W,-0.6088955070000001
G1825A,-0.0428738559999999
Q1826E,0.044173969
Q1826H,-0.438084188
Q1826K,-0.0258904789999999
Q1826L,-0.188283018
Q1826P,-0.032405706
Q1826R,0.0385125689999999
M1827I,-0.344383559
M1827K,-0.129843362
M1827V,-0.276791005
M1827L,0.236500391
M1827R,-0.2421815689999999
M1827T,0.063026048
C1828F,-0.4043894839999999
C1828R,-0.875619335
C1828S,-0.427149017
C1828W,-0.090205374
C1828Y,-0.308549501
C1828G,-0.40753017
E1829V,0.226361293
E1829Q,-0.513444906
E1829G,-0.150965352
E1829A,0.052718601
E1829D,-0.197892937
E1829K,-0.804182974
A1830V,-0.2119762889999999
A1830T,0.168084557
A1830S,-0.344285219
A1830E,-1.125728172
A1830G,-0.990940648
A1830P,-0.6536388160000001
P1831T,-0.014992898
P1831S,-0.208516948
P1831L,0.085956773
P1831H,-0.288263507
P1831A,0.084675759
P1831R,-0.333529135
V1832A,-0.909867174
V1832G,-2.871570544
V1832L,-0.736470517
V1833A,-0.661423187
V1833E,-2.605933766
V1833L,-0.784809335
V1833M,-2.1834843580000003
T1834S,0.004400628
T1834P,0.131130517
T1834N,-0.049695064
T1834I,0.195638344
T1834A,0.220196066
R1835L,-1.189276623
R1835Q,-0.906347442
R1835P,-1.312085753
R1835G,-1.447836507
E1836D,0.0719807609999999
E1836K,-0.299933276
E1836Q,-0.005133664
E1836A,0.459904567
E1836G,-0.171450552
E1836V,-1.690014505
W1837C,-1.6966130030000002
W1837S,-2.224528694
W1837L,-2.168872309
W1837G,-2.562818474
W1837R,-2.460781171
V1838E,-1.725873238
V1838M,-0.553037931
V1838L,0.009842337
V1838G,-1.979915318
V1838A,-0.213826976
L1839S,-2.491443829
L1839F,-0.234922906
L1839V,-1.910878187
D1840E,-1.055476641
D1840A,0.040887376
D1840G,-1.3642471390000002
D1840V,-1.793784349
D1840N,0.11660501
D1840H,-0.465913766
S1841T,-1.863429463
S1841G,-0.8338768059999999
S1841N,-2.262144441
S1841R,-1.460773851
S1841C,-0.023697712
S1841I,-2.185789258
V1842G,-1.922434028
V1842I,-0.01810642
V1842L,-0.6802093509999999
V1842A,-1.49481134
V1842E,-2.026892883
A1843E,-2.8199207580000003
A1843G,-0.356104922
A1843P,-2.684527284
A1843S,0.060352797
A1843T,-0.062383638
A1843V,-0.377550924
L1844R,-0.061581269
L1844H,-0.312582722
L1844I,-0.268220295
L1844F,-0.170767947
L1844V,0.196108695
L1844P,-0.232681566
Y1845S,-0.22453305
Y1845N,-0.029240771
Y1845H,0.1217908219999999
Y1845F,0.115162949
Y1845D,-0.811639346
Y1845C,0.041728726
Q1846E,-0.193852332
Q1846H,-0.273650344
Q1846R,0.280153919
Q1846P,-1.966089107
Q1846L,0.098458145
Q1846K,-0.0851731719999999
C1847Y,0.137716861
C1847G,-0.051867215
C1847F,-0.497292266
C1847R,0.255108725
C1847S,-0.087586844
C1847W,-0.1279044309999999
Q1848P,-1.749798788
Q1848E,-0.353073612
Q1848L,-0.101285458
Q1848K,0.065825302
Q1848H,-0.607000667
Q1848R,0.251439368
E1849A,-1.18497765
E1849D,-0.084089872
E1849K,-0.142875393
E1849Q,0.0470251229999999
E1849V,-1.009539446
E1849G,-0.444983274
L1850M,0.168902849
L1850Q,-0.635649813
L1850R,-0.185898415
L1850V,-0.4067714979999999
L1850P,0.106617167
D1851A,-0.243173681
D1851E,-0.23692835
D1851Y,-0.636700804
D1851V,-0.6750315709999999
D1851N,-0.253026438
D1851H,-0.044297379
D1851G,-0.3280778139999999
T1852N,-0.074499967
T1852P,-0.067411712
T1852S,-0.131134371
T1852A,0.309628122
T1852I,-0.152107501
Y1853H,-1.6528829109999998
Y1853F,-0.6279881079999999
Y1853D,-3.351371554
Y1853C,-2.763438152
Y1853S,-1.698236873
Y1853N,-2.16719537
L1854R,0.312451685
L1854V,0.15847644
L1854P,-1.34387151
L1854M,-0.04053434
L1854Q,0.259387036
I1855V,0.04627763
I1855R,-0.464328416
I1855M,0.021940862
I1855L,0.233297291
I1855K,-0.863843895
I1855T,-0.291518974
