mutant,score,facebook/esm2_t33_650M_UR50D
K3R,3.73858603112333,-4.306826114654541
K3Q,3.75048678636,-4.532852649688721
K3E,3.6662777798123103,-3.6956701278686523
K3M,3.6983360358675,-5.38942813873291
K3T,3.629775204335,-3.397794723510742
G4S,3.7570869258366697,-2.988157272338867
G4D,3.6139797561566698,-3.4197475910186768
G4A,3.818887546655,-3.0070276260375977
E5K,3.73278516201,-2.7781362533569336
E5V,3.693550926075,-3.4537570476531982
E5R,3.76108935221,-3.7872629165649414
E5D,3.665339144035,-3.761871337890625
E5A,3.68033217598,-3.7613401412963867
E5G,3.73820357327636,-3.636037826538086
E6G,3.7677193917785696,-3.5123400688171387
E6R,3.78538732207,-3.562340021133423
E6V,3.549043127375,-2.7446024417877197
E6K,3.76964794421333,-2.7334165573120117
L7P,3.6184729479807096,-3.9917666912078857
L7V,3.61194348509,-3.253786087036133
L7R,3.7793723452900014,-3.8950116634368896
L7Q,3.57363430513143,-4.278500080108643
F8V,3.47908669969667,-3.2897074222564697
F8Y,3.599264089536,-3.807953119277954
F8S,3.4664226142175,-3.2043051719665527
F8L,3.64805822063389,-3.106289863586426
F8H,3.7255792617,-4.438896179199219
F8I,3.533155611455,-3.329240560531616
F8C,3.6782334560300014,-5.371430397033691
T9I,3.671939493738,-4.33056116104126
T9A,3.723861719826,-3.858783483505249
T9P,3.66613377424,-3.520432710647583
T9S,3.690578212587501,-2.9030380249023438
G10V,3.44128467432,-4.082670211791992
G10W,3.3801132660000004,-6.012937545776367
G10E,3.6481314943333296,-3.6334195137023926
G10R,3.6789939592975,-3.935166358947754
V11M,3.65115850197,-4.533143997192383
V11L,3.60047553927,-3.2758350372314453
V11K,3.5520126812800004,-1.7373464107513428
V11G,3.631990601855,-2.9809370040893555
V11E,3.53678743375571,-2.5698628425598145
V11A,3.7385444483337498,-3.3018860816955566
V12M,3.556183269845,-4.574329376220703
V12L,3.64929427074,-3.240706443786621
V12A,3.39025973867889,-3.3575439453125
P13L,3.43222117379,-5.112879276275635
P13H,3.3819910055433304,-4.872530460357666
P13A,3.2856918161400004,-4.726659297943115
P13R,3.5937283140400003,-4.025065898895264
P13S,3.1631543824,-3.8644697666168213
I14V,3.56432687193,-2.9068470001220703
I14L,3.68470539393333,-3.0376391410827637
I14F,3.3343297112775,-3.007330894470215
I14T,3.2657876052925,-2.95674467086792
L15Q,3.764426300435,-3.0960559844970703
L15V,3.75151272063,-3.1802830696105957
L15R,3.74897862188,-2.6086103916168213
L15P,1.3455527244499998,-2.2257187366485596
V16A,3.23182360741,-3.5297317504882812
V16D,1.4972871863925,-4.145651817321777
V16F,3.34647087264,-3.3594233989715576
V16I,3.7116721117266698,-3.6916306018829346
E17K,3.746459271375,-2.9739246368408203
E17A,3.649137599,-4.01776123046875
E17D,3.66813566313,-3.538249969482422
E17V,3.72590312316,-4.345622539520264
E17G,3.45682536681,-3.7960989475250244
L18Q,1.5188849792,-4.41987419128418
L18P,1.5607842588833305,-5.017184257507324
L18R,1.3010291130399998,-4.057819843292236
D19N,3.75636969756,-3.502791404724121
D19H,3.77418866083,-4.803824424743652
D19E,3.79287295896,-2.860535144805908
D19G,3.60937691732222,-3.874908208847046
D19A,3.63051285234,-4.114964962005615
D19V,3.73541074642143,-4.3428263664245605
G20D,1.3010303392799998,-4.447736740112305
D21A,3.66308485731,-4.271088600158691
D21G,3.230678606652,-4.791421890258789
D21V,3.671410348277501,-3.159048557281494
D21H,3.584455968380001,-4.8350725173950195
D21N,3.702007026680002,-3.7992067337036133
V22G,1.30103073628,-4.035841464996338
V22A,3.3513009417333297,-4.215433597564697
V22E,1.30117079342,-4.1274261474609375
V22L,3.5399957466800003,-3.2385127544403076
V22I,3.67837738166333,-2.977672576904297
N23S,3.5930874340307097,-3.8809049129486084
N23I,3.28031959,-4.275271892547607
N23H,3.56330487197,-4.452783107757568
N23K,3.419655543035,-3.59865665435791
N23T,3.21009835242,-4.471333026885986
N23D,3.59311941382667,-3.4505629539489746
G24S,3.487271593835,-5.219479560852051
G24A,3.2304883190900004,-5.722825050354004
G24D,3.47453659541,-5.069141864776611
G24C,3.1645830309400003,-7.432284355163574
H25R,3.70937644691444,-3.412247657775879
H25L,3.67666370440333,-2.905620574951172
H25Y,3.46855772999,-3.061264991760254
H25Q,3.81163900632,-3.2754111289978027
K26Q,3.73274916915,-4.762847900390625
K26N,3.707244274235,-4.542603015899658
K26E,3.55638702729222,-4.52539587020874
K26R,3.6896597114725,-4.114580154418945
K26G,3.31751928643,-4.940323829650879
K26M,3.63303996149,-6.103835105895996
K26T,3.64208305999333,-4.218661308288574
F27S,1.5186504120866695,-6.192876815795898
F27V,3.6180222196,-3.0074057579040527
F27I,3.19911885591,-3.200993061065674
F27L,3.097800724855,-3.5172080993652344
S28I,3.58186758936,-3.4851138591766357
S28N,3.6524923766,-3.9851150512695312
S28C,3.7557456715216695,-6.031404495239258
S28G,3.65018265325875,-4.896751403808594
S28R,3.71475326062,-3.3939809799194336
S28T,3.732744656880001,-3.200028419494629
V29M,3.1091266034225,-5.019732475280762
V29A,3.1504066226,-4.259073734283447
V29E,1.32430916519,-6.609662055969238
S30P,1.46972290124,-6.4775238037109375
S30C,3.85459595234,-6.0014142990112305
S30F,3.67893051942667,-4.323199272155762
S30A,3.732545961375,-4.428971290588379
S30T,3.8101460541812497,-3.3801214694976807
S30Y,3.75240792407,-4.176480293273926
G31V,1.35418904327,-3.1955885887145996
E32G,3.65057207816063,-4.005283355712891
E32A,3.62682868412,-4.151658058166504
E32D,3.69274209387,-3.7040679454803467
E32K,3.74500077011,-3.1410748958587646
E32V,3.74764565356,-3.5994153022766113
G33S,1.40155977752,-3.591279983520508
G33R,1.30102999829,-3.6935348510742188
G33D,1.4921875745700002,-4.352495193481445
E34V,3.758328649622,-3.667126417160034
E34K,3.6538862107666703,-2.7464189529418945
E34A,3.69390404017,-3.8525688648223877
E34G,3.57573881874538,-3.4993975162506104
G35S,3.06281313949,-3.4825663566589355
G35C,3.19599895965,-5.280966758728027
G35D,1.30103002043,-3.700272560119629
D36H,3.71564658308,-4.593461513519287
D36K,3.48202683608,-3.4570066928863525
D36N,3.658163182435,-3.37819766998291
D36Y,3.29631913386,-4.348381996154785
D36V,3.5031525500625,-3.8967928886413574
D36G,3.3860326517790003,-3.4628169536590576
D36A,3.46975201124,-3.996058940887451
D36E,3.6333156514,-3.841186046600342
A37V,3.66642459163333,-3.2217531204223633
A37S,3.6395046566300007,-2.944391965866089
A37P,3.68650160282,-3.198113441467285
A37G,3.688542188245002,-2.1014161109924316
A37D,3.4731415931,-3.159233570098877
A37T,3.69262144092,-3.2656047344207764
T38S,3.76176681933909,-3.174006462097168
T38P,3.68090853441,-3.471301317214966
T38I,3.683868341775,-3.282167434692383
T38N,3.75250498054,-3.296701192855835
T38A,3.7012204295425,-3.492846965789795
Y39H,3.8020543977925,-2.695300817489624
Y39S,3.85008641169,-1.010699987411499
Y39N,3.8677179697025,-1.4152507781982422
Y39C,3.78372991677,-4.813582420349121
Y39F,3.75144513248,-3.316206216812134
Y39D,3.67454827072,-1.5072765350341797
G40D,1.30103074754,-3.6908485889434814
G40S,3.3516873199400004,-3.4161059856414795
K41E,3.51477179686545,-4.128270149230957
K41R,3.68957430795588,-4.393191337585449
K41Q,3.580490710585,-4.913088798522949
K41N,3.6507734438,-3.8611204624176025
K41T,3.57613115479,-4.017848014831543
K41M,3.704086685805,-5.7674970626831055
L42Q,3.21214142315,-4.729068756103516
L42R,3.45890558987,-4.519857406616211
L42M,3.82663130139,-4.585562705993652
L42P,2.16816701857,-4.373108863830566
T43P,2.63582387971,-4.620486259460449
T43S,3.789243583255,-3.559231996536255
T43N,3.67019648346,-3.400146245956421
T43A,3.7244624257325,-4.284535884857178
T43I,3.72815250646,-4.240747451782227
L44Q,3.113624224575,-5.185712814331055
L44M,3.8286611477900014,-4.800933837890625
L44P,1.38368599588,-4.864724159240723
L44R,1.3010299954200002,-4.983170986175537
K45T,3.74498764816,-4.042594909667969
K45E,3.13893393693,-4.062291145324707
K45R,3.62953869358941,-4.29420280456543
K45M,3.44717540729333,-6.304412841796875
F46L,3.6804544332289497,-2.672297239303589
F46I,3.43937739933,-2.863506555557251
F46C,3.67780911174,-4.619544506072998
F46V,3.649842425735,-2.678986072540283
F46Y,3.752484105314,-3.306058883666992
F46S,3.23651949408556,-2.5148627758026123
I47F,3.59136527956333,-4.057748317718506
I47T,3.6041917473388905,-2.1588335037231445
I47V,3.77087325896083,-3.0823893547058105
I47L,3.66012627047,-3.1025776863098145
I47S,3.38051465185,-2.3954834938049316
I47N,3.4315244517375,-2.1934471130371094
C48R,1.69685473362667,1.7474877834320068
C48S,3.618936543535,2.5133891105651855
T49A,3.553460812294,-3.534395217895508
T49I,3.54678932352,-3.6121885776519775
T49S,3.63808509923429,-3.257219076156616
T49P,3.300826757395,-2.873225450515747
T49N,3.62616632621,-3.3440260887145996
T50S,3.7254825818025,-3.028503894805908
T50A,3.5780454728071405,-3.797231912612915
T50I,3.23196760166,-4.111306667327881
G51D,3.32317696787,-3.0510551929473877
G51R,2.90339563565,-4.435613632202148
G51S,3.21655835025,-3.56265926361084
K52T,3.69125898127333,-3.541015625
K52Q,3.49561397777,-4.299384593963623
K52N,3.6634627378699993,-3.6475296020507812
K52G,3.4543043503300006,-3.411957263946533
K52M,3.650093183575,-5.103379249572754
K52R,3.67758758563286,-4.383705139160156
K52E,3.702075777124,-3.3155999183654785
L53Q,1.30102992699,-4.491310119628906
L53P,3.27435243107,-3.8526172637939453
L53R,3.33915923653,-4.4967732429504395
L53M,3.60017578479,-4.831937789916992
P54L,3.4316330517400004,-3.746640920639038
P54A,3.36397559148,-3.8587186336517334
P54S,3.0664458422099994,-3.3360700607299805
P54T,3.31425052649,-3.4813756942749023
V55A,3.14890533152,-3.716362714767456
V55G,1.30103002954,-3.9251954555511475
V55M,3.605429311985,-4.545701026916504
V55E,1.6004658746899998,-3.52587628364563
P56S,3.69145662945,-3.1072897911071777
W57R,1.337330571045,-1.8693854808807373
P58L,3.30390110168,-3.2442564964294434
P58H,3.4748972547,-3.973745346069336
P58A,3.66076476196,-3.1001172065734863
P58S,3.697278054595,-2.7268710136413574
T59P,1.30103069765,-3.646292209625244
T59S,3.663686265926,-3.2004380226135254
T59I,3.33990705631,-3.5640616416931152
T59A,3.583319568498,-3.1534745693206787
L60P,1.52584409576,-3.7373733520507812
L60I,3.63006285039,-3.8708791732788086
L60R,1.701777712,-4.61244535446167
L60H,1.55799138127,-5.010557174682617
V61M,3.1369941913050003,-3.9698007106781006
V61L,3.55924706889,-2.731611967086792
V61E,1.30947643853,-3.102095127105713
V61A,3.4806612354475,-2.8786277770996094
T62I,1.3949398226700005,-5.206834316253662
T62P,3.81641203845,-3.188723564147949
T62S,3.8115665115383295,-2.7642264366149902
T62A,3.7735571192666697,-3.1739065647125244
T63N,2.7819611805,-3.7429943084716797
T63P,3.5090651057,-3.2951393127441406
T63S,3.764062649682,-3.1219048500061035
T63A,3.589198673355,-2.290396213531494
T63I,3.3415586573766696,-3.399409770965576
L64M,3.67092894453,-4.709565162658691
L64V,3.66649783867,-3.898603677749634
L64P,1.437220599805,-4.270062446594238
S65T,3.550426848725,-3.608032464981079
S65P,1.324287012706,-3.7433691024780273
S65L,3.17436282499,-3.1435744762420654
S65A,3.2842407669,-3.0719974040985107
Y66C,1.30103050973,-4.72172212600708
Y66N,1.3010308101,-2.7916102409362793
Y66F,1.29894092811,-3.5435075759887695
G67V,1.30154705698,-3.5023245811462402
G67D,1.30084097248,-4.417616844177246
G67C,1.41692113062,-5.17339563369751
G67S,1.30102998655,-3.8601367473602295
V68E,3.61587518482556,-3.404510498046875
V68M,3.750569527362,-3.883366823196411
V68L,3.654655129230002,-2.815352201461792
V68A,3.6720078948357897,-3.0728187561035156
Q69H,3.60531259987,-3.688720226287842
Q69L,3.193324666625,-2.9209585189819336
Q69R,1.8631838809,-3.3033180236816406
Q69P,3.4971078784400005,-3.3453011512756348
C70Y,3.50499128987,-1.5698834657669067
C70S,3.554548811055,-1.2848201990127563
C70G,3.468137678095,-1.3082634210586548
C70R,1.401153624425,-1.8784428834915161
F71Y,3.44790466854556,-3.8109843730926514
F71S,3.4752341296966702,-3.4883861541748047
F71L,3.62884781484562,-2.6098833084106445
F71I,3.60559947057,-3.2098336219787598
F71C,3.62530695729667,-5.257755279541016
S72N,3.27178589237,-3.5332088470458984
S72I,3.60733813699,-3.6368699073791504
S72R,1.3010299627,-4.047454833984375
S72C,3.74985888163,-5.47261905670166
S72G,3.71870528157538,-3.552058219909668
R73S,3.70909367383333,-2.861858367919922
R73L,3.9923212258,-2.703371524810791
R73H,3.69180326934,-3.6610217094421387
R73C,3.74459682563667,-4.886980056762695
Y74F,3.4301813854775,-2.958223819732666
Y74C,3.01476164302,-4.9330363273620605
P75H,3.8949242631,-3.1992416381835938
P75S,3.65212809833,-2.5397419929504395
P75T,3.80510433256,-2.731627941131592
D76N,3.66286365986,-3.9187779426574707
D76V,3.70932586506667,-4.0043792724609375
D76Y,3.65340060006,-4.412792205810547
D76E,3.708381939545,-3.002610206604004
D76A,3.65886123564,-4.028845310211182
D76G,3.68571311372667,-3.929460048675537
H77C,3.65914792794,-4.379093170166016
H77L,3.64749168494286,-1.3120579719543457
H77Y,3.7263373965666697,-2.3917484283447266
H77N,3.71903815952,-2.725083827972412
H77P,3.604269255935,-2.9158713817596436
H77Q,3.60285931045,-2.8226537704467773
H77R,3.6639426152061496,-3.0470073223114014
M78V,3.5811432899190003,-2.2356390953063965
M78R,3.5997250651199995,-3.1230340003967285
M78T,3.54677613158545,-2.8247628211975098
M78K,3.4920651822625,-1.8692597150802612
M78I,3.62984141904,-1.987812876701355
M78L,3.69305114265333,-1.6908034086227417
K79R,3.73169495243072,-4.2429914474487305
K79N,3.55950183771,-4.254738807678223
K79Q,3.711119444155,-4.354325294494629
K79M,3.71040531005,-4.725187301635742
K79T,3.664609741532,-3.982520580291748
K79E,3.5816825315116696,-3.8598484992980957
Q80L,3.73866593911,-1.6231800317764282
Q80R,3.74435730990308,-3.3008813858032227
Q80P,3.654602025490001,-3.0841808319091797
Q80H,3.72722295952,-3.446712017059326
H81P,3.2105821366850003,-2.6118338108062744
H81Q,3.67959153068,-3.122920513153076
H81R,3.61122661612154,-2.8990843296051025
H81D,3.618094600135,-2.69391131401062
H81L,3.777502142130001,-1.4534862041473389
H81Y,3.74187186364667,-2.4745428562164307
D82N,3.553025095335,-3.807901620864868
D82V,1.4908362022,-3.4605109691619873
F83S,3.1083325380299995,-3.3794469833374023
F83Y,3.659774816732501,-3.603023052215576
F83L,3.40156334616385,-2.8466200828552246
F83I,3.4936526869199995,-3.159546375274658
F84C,3.577398140415,-5.684332847595215
F84L,3.69848073973067,-2.6504762172698975
F84Y,3.788957254512,-3.67681622505188
F84S,3.243561891535,-3.438107967376709
K85M,3.33276294519,-4.4293646812438965
K85E,1.76558157504,-3.9733049869537354
K85T,3.1215146228,-3.7199838161468506
K85R,3.2642085232983304,-4.071658611297607
S86P,3.5354659407511098,-3.8175411224365234
S86A,3.70776176557,-3.2667036056518555
S86F,3.64325052349,-3.9200439453125
S86Y,3.6323157380733297,-3.9780802726745605
S86T,3.582950789508,-3.4729461669921875
A87V,3.67799349013,-3.003209114074707
A87T,3.70077655434,-3.1562881469726562
A87S,3.69390781577,-3.1226754188537598
A87P,3.5294728833,-3.353388786315918
A87G,3.50638142989,-3.1884958744049072
M88I,3.6129699323166697,-1.895810842514038
M88A,3.61818591601,-2.7201428413391113
M88T,3.47833083959889,-1.9707965850830078
M88R,1.6428217752,-3.3240737915039062
M88K,1.30102985301,-2.435725688934326
M88L,3.71659885698778,-1.5394554138183594
M88V,3.51750072484,-2.117934226989746
P89S,3.5781488665,-3.7218756675720215
P89A,3.50403448625,-3.5813050270080566
P89L,3.75484946268,-3.782827854156494
P89H,3.663654202865,-4.825669288635254
E90G,3.68354945099143,-3.9734461307525635
E90K,3.5467893707,-3.4722957611083984
E90A,3.64495075421,-4.176116943359375
E90V,3.609468179752,-4.521515369415283
E90D,3.703119034462,-3.391190767288208
G91A,1.30103077629,-4.554868698120117
G91S,1.363703572895,-4.02503776550293
Y92C,3.27179171109667,-4.884909629821777
Y92H,3.12613139866,-4.177709579467773
Y92F,3.56483607421,-3.1416425704956055
Y92N,1.56616289588,-3.392686367034912
V93I,3.695737028315,-3.5216927528381348
V93G,3.450725166595,-3.551676034927368
V93F,3.78565208599,-4.00892972946167
V93L,3.61042099357,-3.505510091781616
V93D,3.43525609314,-3.3414058685302734
V93A,3.63193711290077,-3.944883346557617
Q94R,1.419536745615,-3.0923848152160645
Q94P,1.71401059346,-2.8479628562927246
Q94L,3.15522116548,-2.11588454246521
Q94H,3.2301965931,-3.263267993927002
E95K,3.65648052876,-3.414846181869507
E95Q,3.7441041193,-4.3354291915893555
E95V,3.59252829927,-4.004759311676025
E95A,3.64520124216,-3.983433961868286
E95D,3.636765247465,-3.5245554447174072
E95G,3.476924647046,-3.192551374435425
R96H,1.36126424506667,-3.611556053161621
R96P,1.3010306642,-4.04789924621582
R96C,1.58053279301,-5.098631858825684
T97S,3.69433485891286,-3.5172500610351562
T97N,3.69604734536,-3.5300679206848145
T97I,3.75124249122,-3.9952263832092285
T97A,3.6712777627435695,-4.173006057739258
I98T,3.419319571315,-3.5410351753234863
I98L,3.553906893165,-3.1422340869903564
I98F,1.3915057516466698,-3.4961163997650146
I98V,3.71728965881556,-3.270313262939453
F99S,3.7654405957254498,-2.3334009647369385
F99C,3.74188689061,-5.065217971801758
F99I,3.64361063485,-2.7466928958892822
F99V,3.67394479657333,-2.5584137439727783
F99Y,3.74183846251667,-2.9688313007354736
F99L,3.7236785270094095,-2.7458572387695312
F100C,3.1686034771,-5.033685684204102
F100I,3.323668921055,-3.2667109966278076
F100L,3.4369790075476896,-2.9228944778442383
F100S,1.913500897088,-2.6365396976470947
F100Y,3.59167814961,-3.243040084838867
K101M,3.62368705833286,-5.0298919677734375
K101N,3.649701176205,-3.632953643798828
K101R,3.6777106432587496,-4.1559648513793945
K101Q,3.76971726314,-4.520702362060547
K101T,3.68874684534,-3.5508670806884766
K101E,3.69632440352529,-3.53436017036438
D102V,3.15041573292,-4.044865608215332
D102Y,3.57665012117,-4.65226936340332
D102N,3.614722866365,-3.725311517715454
D102H,3.53034783622,-4.659313678741455
D102G,3.67981780441667,-3.586160182952881
D102E,3.666137207275,-3.3454997539520264
D102A,3.60983854198333,-4.112530708312988
D103G,3.5700194871300006,-3.2680630683898926
D103E,3.74713296148,-3.393939971923828
D103N,3.346169446375,-3.3659374713897705
G104S,3.56429710259,-3.2829415798187256
G104A,3.5052771443400004,-3.5918025970458984
N105K,3.70488078478,-2.5357394218444824
N105S,3.71035710166231,-3.235581398010254
N105I,3.8258245004566698,-3.4450736045837402
N105H,3.82079078958,-4.379955291748047
N105C,3.8172941372300007,-5.755396366119385
N105D,3.55873248264286,-3.1974503993988037
N105Y,3.88965191239,-3.8723297119140625
Y106H,2.919806080215,-4.075489044189453
Y106N,2.257588731255,-3.222947359085083
Y106C,3.328857355524,-5.183548927307129
Y106F,3.79726321519,-3.189436197280884
K107Q,3.739088773535,-4.177791118621826
K107R,3.68089237751182,-3.86089825630188
K107M,3.670513613876,-4.7327141761779785
K107G,3.56962630449,-3.8853938579559326
K107T,3.65284356871,-3.699852705001831
K107A,3.69157131457,-3.9358670711517334
K107E,3.6478040237991696,-3.4594922065734863
T108A,3.61685184665267,-2.566114902496338
T108I,3.42357517282,-2.502124309539795
T108S,3.720913795996,-3.463737726211548
R109P,1.41678460724,-3.819296360015869
R109S,3.58669762414333,-3.1318604946136475
R109G,3.1280554272,-3.5928611755371094
R109H,3.5820170612660003,-3.938106060028076
R109C,3.6315248652025,-5.474405288696289
A110D,1.30103000388,-4.429137229919434
A110T,3.13739228011,-3.5562212467193604
A110S,3.87297019732,-3.6399097442626953
A110G,3.70847807573,-3.7002830505371094
E111V,3.731760367618,-3.0896353721618652
E111Q,3.83657727083,-4.264888763427734
E111G,3.53818345760571,-4.055998802185059
E111K,3.6618487966125,-3.071573495864868
E111A,3.63369522497,-4.038297653198242
V112A,3.5204170613614303,-3.750345468521118
V112E,1.343387412865,-4.487730026245117
V112L,3.698115885280002,-3.20021915435791
K113G,3.71268335336,-3.9729862213134766
K113E,3.50434124522909,-3.9845457077026367
K113M,3.5591472148650003,-5.320247650146484
K113T,3.70672860596,-3.7252659797668457
K113N,3.68542619429,-4.455788612365723
K113Q,3.648993238295,-4.92022705078125
K113R,3.68204252606882,-3.8023123741149902
F114I,3.56766022204,-3.0607519149780273
F114C,3.62053407103,-5.264706611633301
F114L,3.678877970943,-2.85860013961792
F114S,3.18594810381667,-3.5947558879852295
F114Y,3.67093203482,-3.398200035095215
E115K,3.69856771612333,-3.5182440280914307
E115A,3.61368380277333,-4.569835662841797
E115G,3.251558379182,-4.334649085998535
E115V,3.7284539465300006,-4.213307857513428
G116A,3.5011820250300003,-4.492148399353027
G116D,3.659193524635,-3.7778542041778564
G116C,3.60757215879,-6.225934028625488
D117A,3.752327721065,-4.329196929931641
D117N,3.75804768063,-3.5941526889801025
D117V,3.653319101836,-4.570608139038086
D117E,3.69958027714,-3.7181103229522705
D117G,3.7292829892525,-3.683959484100342
T118A,3.5803115921733304,-3.744809150695801
T118I,3.62124186881,-3.9439949989318848
T118S,3.67511046054375,-3.2715952396392822
T118K,3.65919220109,-2.2233967781066895
N121D,3.32217817286429,-3.25142240524292
N121H,3.4110235596450003,-3.7555131912231445
N121I,3.3093295645850005,-4.022249221801758
N121S,3.74623099265368,-2.805156707763672
N121K,3.4852223266,-3.122968912124634
N121Y,3.306892990885,-3.6768760681152344
R122L,3.57975645381,-3.57132625579834
R122S,3.5810599651,-2.913454055786133
R122C,3.54408047316,-5.474040508270264
R122H,3.571098383745,-4.130124092102051
I123V,3.69439180397917,-3.3007822036743164
I123A,3.3702217088,-3.7935404777526855
I123F,1.30107849185,-3.672978401184082
I123T,3.49242937661,-3.5507636070251465
I123L,3.56330963172333,-3.2303965091705322
E124K,3.727789415755,-3.1462478637695312
E124V,3.69585322197333,-3.724897623062134
E124A,3.6632894575525,-4.130969047546387
E124G,3.585261218736,-3.9096519947052
L125Q,1.30652028475,-4.788239002227783
L125R,1.45340391114,-4.373757839202881
L125P,1.41321212705333,-4.7783002853393555
K126E,3.63755779017643,-3.451594352722168
K126N,3.78591095886,-3.4990508556365967
K126R,3.69827540454889,-4.085831165313721
K126Q,3.76500740022,-4.3703083992004395
K126M,3.651223433742,-5.072043418884277
G127S,3.30619394861,-3.785764217376709
G127D,1.30130831645,-3.2173452377319336
G127C,3.526675910955,-5.744664192199707
I128N,3.70034810080857,-3.465660810470581
I128S,3.71697449426,-3.3228354454040527
I128T,3.81547867124,-3.3639187812805176
I128V,3.75981495503273,-3.2775027751922607
I128M,3.75175417817,-4.581313133239746
I128A,3.80963566179,-3.5750718116760254
I128F,3.77988170634,-3.6432089805603027
I128L,3.83430419605,-3.3484275341033936
D129N,3.66845264699,-3.640681505203247
D129G,3.795956243080001,-3.486051082611084
D129E,3.677994315845,-2.962719440460205
D129A,3.649634866215,-3.6793859004974365
D129Y,3.724826615265,-3.7147815227508545
D129V,3.5292086432157097,-3.3281967639923096
F130I,3.6286544552925,-2.9706459045410156
F130L,3.63850633158875,-2.9110357761383057
F130S,1.45810154949,-3.6008949279785156
F130C,3.54530543657,-5.454415321350098
F130Y,3.48445527007,-3.6493029594421387
F130V,3.5155594973300004,-2.9864230155944824
K131T,3.6441437046300007,-3.3018131256103516
K131E,3.58867353438533,-3.562626361846924
K131Q,3.70352414264,-4.496662616729736
K131R,3.69216198412727,-4.216095924377441
K131M,3.67683601962,-5.092746734619141
E132K,3.67345136394,-3.2433595657348633
E132V,3.6811944856075,-1.792281150817871
E132A,3.70599909897,-2.5395803451538086
E132G,3.59007527006444,-2.8259804248809814
D133G,3.66616232797583,-3.792628526687622
D133E,3.64893098662,-3.2251060009002686
D133Y,3.58898690881,-3.826556444168091
D133A,3.54090469679,-3.5777180194854736
D133V,3.595258045146,-3.400871515274048
D133N,3.50379067405,-3.5502350330352783
D133H,3.63114369568,-4.359036445617676
G134C,3.7510042,-5.028050422668457
G134D,3.5666237033450003,-3.831772804260254
G134R,3.56400683482,-4.086061477661133
G134S,3.69390274578,-3.797292709350586
N135H,3.5526740127199994,-4.275967597961426
N135I,3.6031006691125,-3.6086301803588867
N135D,3.649604311218,-3.0016655921936035
N135Y,3.660705152636,-3.7650866508483887
N135T,3.54491483548,-2.3515467643737793
N135S,3.695385588412,-2.3202781677246094
I136V,3.69501617471111,-3.545675754547119
I136M,3.51471729097,-4.930695533752441
I136N,3.43831082978,-4.2780351638793945
I136T,3.57771059390278,-4.067378520965576
I136F,3.47728884147,-3.783099889755249
L137R,3.673062343405,-3.8196170330047607
L137Q,3.5265962311180004,-3.889058828353882
L137M,3.81896977659,-4.855154037475586
L137P,1.7555343389500002,-3.493196725845337
G138W,3.5837988809099994,-5.492587089538574
G138V,3.34210429243,-3.6500394344329834
G138E,3.64779462931,-3.183021068572998
G138A,3.6586963561300014,-3.866706132888794
G138R,3.680490569235,-4.071128845214844
H139Y,3.5882896325066698,-2.763367176055908
H139P,3.3926099727700003,-3.7354211807250977
H139R,3.70796873085625,-3.1670608520507812
H139L,3.66206463301,-2.479651689529419
K140E,3.648879311168,-3.661720037460327
K140M,3.698616991215,-5.227749824523926
K140Q,3.66929116137,-4.492616653442383
K140V,3.55955524409,-3.89156436920166
K140R,3.7264279582572697,-4.002034664154053
L141Q,3.44238121446333,-5.061367988586426
L141P,3.3151147808525003,-4.787758827209473
E142A,3.68504628914,-4.241572856903076
E142D,3.750467000095,-3.623731851577759
E142G,3.68258851787917,-3.943913698196411
E142V,3.66235892252714,-3.753220319747925
E142K,3.66257678297,-3.5481014251708984
Y143D,3.5600827375,-3.403287887573242
Y143F,3.638083344705,-3.2303738594055176
Y143C,3.6572452238637503,-5.098804950714111
Y143H,3.7022792766725,-4.116999626159668
Y143N,3.587591573805,-3.612291097640991
Y143S,3.60671217228,-3.2737228870391846
N144T,3.71753059157,-3.27355694770813
N144Y,3.659436783246,-4.012555122375488
N144D,3.7134090578185694,-2.638108015060425
N144A,3.706058611040001,-3.797091484069824
N144G,3.90655260376,-3.062669515609741
N144H,3.5394854713633297,-4.177284240722656
N144I,3.73657012896,-3.9145431518554688
N144S,3.737452513184541,-3.0937395095825195
Y145C,3.763037627145,-5.0867462158203125
Y145S,3.653462459775,-2.5397250652313232
Y145N,3.648220654018,-2.7717883586883545
Y145L,3.803737540765,-2.6863784790039062
Y145F,3.716430868705,-3.2890591621398926
Y145D,3.553724961555,-2.4320871829986572
Y145H,3.63229527837286,-3.541553020477295
N146Y,3.703602400312,-4.457576751708984
N146D,3.69458670495,-2.739675998687744
N146S,3.73257135021857,-3.4393181800842285
N146K,3.57928212878,-3.152256727218628
N146I,3.6743309322757103,-4.339514255523682
N146H,3.72963355986,-4.43813419342041
N146T,3.76960502731,-3.7139289379119873
S147R,3.73397484724,-3.74416184425354
S147N,3.74357125596,-2.9239392280578613
S147C,3.62288327866,-5.898414134979248
S147G,3.68435632900222,-2.2676031589508057
H148R,3.5554129750942898,-2.621204376220703
H148Q,3.63346955388,-2.8266892433166504
H148P,3.218522784385,-2.5339150428771973
H148N,3.71924919339,-2.01057767868042
H148Y,3.5580279795125,-3.479444980621338
H148L,3.4356488997933297,-3.0258021354675293
N149H,3.66514608527333,-4.1029372215271
N149I,3.614389853595,-3.6892991065979004
N149D,3.74807029442636,-2.8953347206115723
N149Y,3.649548735826,-3.788057804107666
N149T,3.678550136125,-3.446117639541626
N149S,3.6487910025776897,-3.3026342391967773
V150I,3.78401025256,-3.468273162841797
V150G,3.49795266042,-2.0314934253692627
V150A,3.636419772039,-3.232689619064331
Y151H,3.66999197679143,-3.7383384704589844
Y151D,3.64157589141,-2.4739198684692383
Y151F,3.69040176653,-3.395176887512207
Y151S,3.59936331976,-2.6679141521453857
Y151N,3.66318802565333,-2.9842684268951416
Y151C,3.60891725251333,-5.154748916625977
I152F,3.116908720706669,-3.354818344116211
I152T,3.4495691126,-3.631462574005127
I152V,3.72633993437167,-3.142035484313965
M153T,3.706908264655,-1.5174647569656372
M153L,3.689192475418,-2.0818028450012207
M153R,3.66223123144,-2.2707643508911133
M153K,3.663757142826,-1.4240752458572388
M153I,3.749930640687501,-2.398782253265381
M153V,3.73948176913625,-2.15982723236084
A154V,3.56825492132667,-3.493016481399536
A154T,3.72468057278667,-3.3118233680725098
D155N,3.73659291119,-3.782869577407837
D155G,3.6738018759323503,-3.6614654064178467
D155E,3.60915150541,-3.0934040546417236
D155A,3.74470079483,-4.125683784484863
D155V,3.538022139084,-4.163712501525879
K156R,3.71091878228714,-3.690377950668335
K156Q,3.672926189015,-3.7021820545196533
K156M,3.613670846916,-3.3161771297454834
K156I,3.5755440858699994,-2.385963201522827
K156E,3.71788093424214,-2.9080517292022705
Q157L,3.6988970144466697,-2.406223773956299
Q157H,3.6798330708,-3.7874112129211426
Q157P,3.66697983729,-2.639248847961426
Q157R,3.685849532947272,-3.3299102783203125
K158G,4.11357579525,-2.9219601154327393
K158M,3.73278679000286,-4.235317707061768
K158E,3.781251268879,-2.7217929363250732
K158Q,3.63475190882,-4.024806976318359
K158N,3.73106314979,-3.6362781524658203
K158V,3.95633875726,-2.5619194507598877
K158R,3.74305723379533,-3.971370220184326
N159D,3.749873167951,-2.7112107276916504
N159Y,3.60186058507,-4.5603461265563965
N159V,3.49197536559,-4.663529396057129
N159K,3.73362544434,-3.6304354667663574
N159S,3.6774662754294094,-3.6944267749786377
N159I,3.6111219525125,-4.71678352355957
N159H,3.5439769414599995,-4.575024604797363
G160V,3.59553062936,-4.278999328613281
G160C,3.66694142101,-6.413420677185059
G160D,3.72442794925667,-3.2505171298980713
G160S,3.6907037768875,-3.82903790473938
G160R,3.67875572665,-4.13950252532959
I161V,3.776799880118,-3.024484634399414
I161T,3.609582845058,-2.991023063659668
I161S,3.25547008023,-2.8840689659118652
I161L,3.686670191025,-3.022674798965454
I161G,3.0069563938200004,-2.854135036468506
I161F,3.3415335826133297,-3.517826795578003
K162T,3.77597432584,-3.728076457977295
K162E,3.7482404635425,-3.6603217124938965
K162R,3.7040343508716695,-3.979332447052002
K162Q,3.624155349140002,-4.449435710906982
K162N,3.7288487277,-3.6505861282348633
K162M,3.7011668909400006,-5.151151657104492
V163A,3.8367989063514303,-3.299874782562256
V163M,3.654689546475,-4.350104331970215
V163G,3.692739616195,-3.0239715576171875
V163E,3.789131896295,-3.143493175506592
N164G,3.71538186796,-3.1902313232421875
N164H,3.6629332525,-4.223447322845459
N164S,3.6715058252685697,-3.2892346382141113
N164I,3.66493276354455,-4.199065208435059
N164Y,3.71539328492615,-4.160398960113525
N164T,3.82960306878,-3.653552532196045
N164D,3.70543552211462,-3.0907602310180664
F165I,3.596578582094,-3.5244791507720947
F165S,3.50534972791125,-3.383039951324463
F165Y,3.68703078440667,-3.2035722732543945
F165V,3.67469329347,-3.1351733207702637
F165C,3.78081899522,-4.787385940551758
F165L,3.5930538141031803,-2.8643155097961426
F165H,3.43023388944,-4.039821624755859
K166M,3.77485967803667,-4.700290203094482
K166E,3.74082323168615,-3.3354415893554688
K166Q,3.7169558436,-4.106570720672607
K166R,3.7027035291346095,-3.607597827911377
K166N,3.72589521566,-3.7382354736328125
K166T,3.70715290902,-3.6831655502319336
I167T,3.70881636901462,-3.7712204456329346
I167S,3.71278941297,-3.803212881088257
I167L,3.6744051888,-3.0452046394348145
I167M,3.62561143785,-4.315997123718262
I167N,3.58776822975333,-4.483346462249756
I167F,3.41854001167,-3.554786205291748
I167V,3.7061050023116704,-3.2940659523010254
R168S,3.582088690855,-2.957258701324463
R168L,3.654187070505,-3.1803336143493652
R168H,3.80035672146,-3.8525915145874023
R168C,3.74410334181,-5.463173866271973
R168G,3.79753119086,-3.427475929260254
H169R,1.5792774907,-2.9822614192962646
H169P,1.3010299985299998,-3.455545663833618
H169Y,3.60251855547333,-2.774561643600464
H169L,3.64725751058429,-2.591796398162842
N170G,3.49862962822,-3.7223410606384277
N170H,3.67091019235,-4.55601167678833
N170I,3.7063723768266703,-4.158885955810547
N170D,3.76405186882611,-3.6513772010803223
N170T,3.75462700228,-4.000667572021484
N170Y,3.674665358934,-4.526274681091309
N170K,3.69732465948,-3.525743007659912
N170S,3.686140223042,-3.5941381454467773
I171N,3.7336593820725,-3.3739123344421387
I171L,3.8043554631,-2.632530450820923
I171V,3.702042018408,-3.48722243309021
I171F,3.60827376683833,-3.379899740219116
I171T,3.79198205630429,-3.241729259490967
I171S,3.7805472654825,-3.094498872756958
E172G,3.7250441380235695,-3.785736322402954
E172A,3.65059464525,-3.611860513687134
E172V,3.635993987245,-3.7773220539093018
E172K,3.69071516542,-3.0387673377990723
D173G,3.721055574069,-4.001097202301025
D173A,3.61370722282,-4.321977615356445
D173H,3.65992902509,-5.081669807434082
D173N,3.69531419995,-3.7713913917541504
D173V,3.575148416946,-4.506866931915283
G174C,3.61136187495667,-6.139043807983398
G174D,3.67935501632,-4.692865371704102
G174S,3.6018201055000003,-4.711633682250977
S175T,4.0079749859,-3.3698079586029053
S175R,3.73173411327,-3.9922029972076416
S175G,3.73778415115071,-4.280854225158691
S175C,3.74871662597667,-6.03367805480957
S175N,3.619489685045,-4.175397872924805
V176L,3.67060625606,-3.422938823699951
V176M,3.6930399005433294,-4.6901092529296875
V176A,3.70381828268071,-4.2617669105529785
V176E,3.69980874107714,-4.520676612854004
V176G,3.664746418325,-4.315990924835205
Q177R,3.4297376785516698,-3.2072408199310303
Q177L,3.764545058865,-2.52783203125
L178P,3.64791301313692,-5.267316818237305
L178I,3.81283242906,-3.2010538578033447
L178R,3.65024321702,-4.616903305053711
L178V,3.88860160002,-3.273148775100708
L178H,3.698416550466,-4.98885440826416
L178F,3.693019944515,-3.6582789421081543
A179P,1.6180266493200002,-3.7121527194976807
A179S,3.6042418866,-2.806041955947876
A179T,3.616657521968,-2.845508337020874
A179V,3.69130811916,-2.513613224029541
D180A,3.5885878109800005,-1.4682886600494385
D180G,3.6090130540125,-1.4575669765472412
D180E,3.74301019896,-2.9420664310455322
D180V,3.53647039066,-1.4051573276519775
D180Y,3.63512240984,-1.8949434757232666
D180N,3.719334200885,-3.041733980178833
D180H,3.66680830767,-2.932011842727661
H181Y,3.5590924341199988,-2.3342273235321045
H181L,3.384954358156,-1.5721940994262695
H181N,3.52879350515,-2.8045334815979004
H181P,1.66064912466,-3.267378807067871
H181Q,3.66722657968333,-3.297130584716797
H181R,1.49327458652,-3.1131982803344727
Y182S,3.58833176987,-3.244810104370117
Y182H,3.6554099070357102,-4.203062057495117
Y182F,3.700307806162,-3.1495652198791504
Y182C,3.70463514642571,-5.485289573669434
Y182N,3.62982792539,-3.7104475498199463
Q183L,1.44235695994,-1.9927515983581543
Q183R,1.40386785463,-3.292536735534668
Q184L,3.6926675635300006,-1.3683398962020874
Q184R,3.770379103534,-3.141545295715332
Q184P,1.30106518596,-2.900570869445801
N185S,3.638504715457,-3.022614002227783
N185I,3.65142984725,-2.4889683723449707
N185Y,3.12743261397,-3.187742233276367
N185T,3.62714853618,-3.0639796257019043
N185D,3.629205441557141,-3.233766555786133
T186S,3.691978905825,-3.329258441925049
T186A,3.6919243737192295,-3.493438720703125
P187T,3.73186623371,-3.1067328453063965
P187S,3.72605043188,-3.1362509727478027
P187L,3.587261260735,-2.7392640113830566
P187H,3.53334178578,-4.043415069580078
I188L,3.75476334592,-3.0603811740875244
I188F,3.65847951154455,-3.338329553604126
I188A,3.75955078576,-3.4868831634521484
I188N,3.709523629604,-3.3458359241485596
I188S,3.61007137759,-3.2144806385040283
I188T,3.68433116082,-3.377290725708008
I188V,3.76210523671286,-3.424725294113159
G189S,3.710405546526,-3.558229684829712
G189D,3.6672788710300006,-3.890800952911377
G189C,3.83452065015,-5.488776206970215
G189A,3.39570076792,-3.6082749366760254
D190N,3.649349499335,-3.4609107971191406
D190A,3.62136710372,-3.546682119369507
D190V,3.687837178846,-3.334500312805176
D190G,3.71195957091,-3.1774678230285645
G191C,3.7011637001275,-4.742311477661133
G191D,3.64851098675,-3.343092918395996
G191S,3.671933639736,-3.2883472442626953
G191V,3.8231935446900014,-2.458954334259033
G191A,3.4568707897500004,-3.1554012298583984
P192T,3.66914641994,-2.3358054161071777
P192H,3.6221055008566703,-3.368116855621338
P192L,3.72231738361667,-2.364145040512085
P192S,3.67749541748667,-2.320941209793091
V193M,3.71919997060667,-4.691322326660156
V193A,3.68774187558,-4.093099117279053
V193L,3.6379227447033298,-3.2821216583251953
V193G,3.77359419394,-4.102228164672852
V193E,3.62848676767143,-4.106733322143555
L194P,3.65886499949125,-3.37979793548584
L194R,3.65683190371,-3.81021785736084
L194Q,3.7123236751725,-3.847533702850342
L195R,3.64177523545,-4.754513263702393
L195Q,3.632777135452,-5.094480514526367
L195M,3.7534504301,-4.914153575897217
L195P,3.55880122896429,-4.6850738525390625
L195V,3.56976397378667,-4.047280788421631
P196L,3.52711570184,-2.786015748977661
P196A,3.617753789475,-3.125674247741699
P196S,3.53141442619,-2.8563802242279053
P196T,3.577325037505,-3.0888075828552246
D197N,3.705274045288,-3.569072723388672
D197G,3.72764328946545,-3.108121871948242
D197E,3.69136526016,-3.2570083141326904
D197V,3.73338899253429,-3.0929958820343018
D197A,3.68954529297333,-3.343024969100952
D197Y,3.59250950361,-3.700911521911621
N198D,3.797525664001,-3.3475635051727295
N198T,3.59480564995,-3.3159663677215576
N198Y,3.569570084915,-3.4806103706359863
N198H,3.74262824842,-4.060159683227539
N198S,3.76287563826429,-3.17930006980896
N198K,3.658427054080002,-3.229043483734131
N198I,3.690305015054,-2.715890407562256
H199Y,3.52885403439,-2.3319339752197266
H199R,1.57174180849667,-2.971672773361206
H199P,1.53783532158,-2.677398443222046
H199L,3.292726375016,-1.4204790592193604
Y200C,3.692282034645,-5.461734771728516
Y200D,3.2081455731299995,-3.8135035037994385
Y200F,3.73414805968125,-3.360517978668213
Y200H,3.65832487850833,-4.1685099601745605
Y200S,3.648596165880001,-3.2220656871795654
Y200N,3.612972493732,-3.915405035018921
L201Q,3.5528536490271403,-4.776108741760254
L201H,3.34748486939,-4.977683067321777
L201P,1.589400006245,-5.018072128295898
L201R,1.3271995788200002,-4.6677727699279785
S202I,3.632484111765,-2.631438732147217
S202R,3.698090494752,-3.6247141361236572
S202T,3.681730611475,-3.30277419090271
S202N,3.748605201175,-3.8501131534576416
S202G,3.63032199642286,-3.8761508464813232
S202C,3.776162609972,-5.367491245269775
T203P,3.41171715431,-4.088400363922119
T203S,3.470634425685,-3.464144229888916
T203I,3.8339493790300008,-1.9891128540039062
T203A,3.62508365959857,-2.9204468727111816
Q204R,3.69060937427333,-2.935746192932129
Q204L,3.747582213763,-1.1176353693008423
Q204H,3.79312030725,-3.454219341278076
S205A,3.66913514877,-2.875551223754883
S205T,3.731413366994,-3.3004984855651855
S205P,3.19303348778,-4.243008613586426
S205F,1.56469500993,-2.789130210876465
S205C,3.6363637308800008,-5.139689922332764
A206G,3.56786456407,-3.674884557723999
A206T,3.791608025115,-3.210718870162964
A206S,3.630017863915,-3.183558940887451
A206V,3.822155736130002,-3.009742259979248
A206D,3.6179848087,-3.259033203125
L207P,3.48651547814857,-4.153177738189697
L207R,1.4695526716299998,-4.5116190910339355
L207M,3.6877438471800006,-4.784802436828613
L207Q,3.22793586096,-4.849031925201416
S208C,3.7556546331416696,-5.686444282531738
S208G,3.667097337592,-3.8222057819366455
S208R,3.67583340164,-4.122601509094238
S208N,3.617918078125,-4.096217155456543
K209Q,3.6069776614,-4.305577754974365
K209E,3.595037688315,-3.88611102104187
K209I,3.655761312035,-3.2227768898010254
K209N,3.6518394999166697,-3.64591908454895
K209T,3.72306023411,-3.420567035675049
K209S,3.67712582324,-3.270169496536255
K209R,3.64498377540313,-4.065173625946045
D210G,2.61387786989,-4.37905216217041
D210V,3.4688006453699995,-3.472384214401245
D210N,3.48421226166,-3.446298122406006
P211A,3.67561425091,-3.837528944015503
P211H,3.58025831183,-4.992130756378174
P211S,3.62047063593333,-3.6872689723968506
P211T,3.6971414884599993,-4.040639400482178
N212K,3.7008097101,-2.894455671310425
N212S,3.707070982565,-3.480224847793579
N212I,3.6275496311175,-3.8949832916259766
N212D,3.711317285957141,-3.314307928085327
N212T,3.76595435184,-3.808657646179199
N212Y,3.7052734739925,-4.386590957641602
E213G,1.88290872543,-3.0275747776031494
E213K,1.30147454194,-2.9287891387939453
E213D,3.5790441984,-2.954033136367798
E213V,3.06977809565333,-3.0020408630371094
K214M,3.71423751045,-3.9781343936920166
K214R,3.7364544660723102,-3.553443431854248
K214T,3.65628992479667,-3.6761300563812256
K214Q,3.563372142585,-4.094935417175293
K214N,3.5088995252099995,-3.8332197666168213
K214E,3.7196218983575,-3.823310136795044
R215C,3.6280571070125,-5.405848503112793
R215H,3.61231572769,-3.976585865020752
R215L,3.60680115866,-2.549954414367676
R215S,3.50316832294,-3.334047555923462
D216G,2.63718452213,-3.1135833263397217
D216N,3.37407772806333,-3.143221616744995
D216E,3.65037397688833,-3.3448715209960938
H217N,3.5324142976699995,-2.643937587738037
H217L,1.30072678465,-1.4488518238067627
H217P,1.3010299909799998,-2.6674156188964844
H217R,1.5408206513799998,-2.3328545093536377
H217D,1.51093887241,-2.811018466949463
M218V,3.44010584822375,-2.5423946380615234
M218R,1.64193214684,-2.2730703353881836
M218I,3.574279015162,-2.560473918914795
M218K,1.6120929470574998,-1.8917441368103027
M218T,3.487575849483,-2.6077237129211426
M218L,3.6470612876275017,-2.053394317626953
V219D,3.4355521945733303,-3.680037021636963
V219A,3.49325707407333,-3.0230252742767334
V219I,3.73398264758,-3.4039766788482666
L220P,1.47540460419667,-4.426218509674072
L220Q,3.08545271765,-4.663545608520508
L221Q,3.74560867893,-4.214777946472168
L221R,3.72440350818,-3.8416056632995605
L221V,3.79334655576,-3.7085719108581543
E222G,3.1611519800211094,-0.9092475175857544
E222D,3.50382333806,-3.1240196228027344
E222A,3.1508998165400004,-1.1494375467300415
F223L,3.682911925362,-2.101858377456665
F223S,3.63116889432545,-2.7856833934783936
F223I,3.621405764835,-2.694530725479126
F223V,3.70567659522,-2.584235906600952
F223Y,3.792177927330002,-3.6547398567199707
V224G,3.353277636,-3.2438254356384277
V224E,3.199485268645,-3.7345118522644043
V224A,3.535565212423,-2.8591713905334473
V224L,3.75774692977333,-2.3041582107543945
T225S,3.7601636420457103,-3.510512351989746
T225P,2.72574018227,-4.257467269897461
T225N,3.65870135247,-3.7623486518859863
T225I,3.6210505616,-3.4005374908447266
T225A,3.68571702883529,-2.9346470832824707
A226V,3.59190800078,-3.793408155441284
A226T,3.60192333225,-3.818870782852173
A226S,3.5775370072,-3.819610834121704
A226D,3.26338117027,-3.8411333560943604
A227T,3.728284521005,-3.986734390258789
A227V,3.63948832975,-3.773998260498047
A227P,3.73116200157,-4.496554374694824
A227D,3.67945465217333,-3.25565242767334
A227S,3.63820589306,-3.8035898208618164
G228V,3.66802720695,-2.929453134536743
G228E,3.63739516719,-4.021988391876221
G228R,3.75857662051,-4.4810471534729
G228W,3.69390274355,-5.244932174682617
I229F,3.684486970778,-4.15424919128418
I229D,3.69109671854,-4.571481227874756
I229V,3.66119650012429,-3.620988130569458
I229M,3.77433949813,-4.7303571701049805
I229N,3.7034824497575,-4.494017601013184
I229T,3.68968596111945,-4.249545574188232
T230P,3.7181785917300014,-4.252923011779785
T230A,3.69538945853636,-2.435727119445801
T230S,3.73076704844429,-3.2323875427246094
T230I,3.676205812465,-2.249575138092041
H231R,3.70984227300444,-2.914017677307129
H231Y,3.83758256564,-2.2200324535369873
H231Q,3.73429830393,-2.898094415664673
H231P,3.785116371535,-3.1539368629455566
H231N,3.730216742465,-3.2101850509643555
H231L,3.6744305885125,-1.4097466468811035
G232C,3.74981497339,-4.655365943908691
G232V,3.78668951857,-2.324535846710205
G232R,3.6880170423,-3.679067373275757
G232D,3.781375631465,-4.024567604064941
G232S,3.7021604385,-3.3594558238983154
G232A,3.7994149902,-2.3965399265289307
M233V,3.73988776993636,-2.488431453704834
M233T,3.70671289598556,-3.493126153945923
M233R,3.78139022006,-3.681619882583618
M233L,3.6819705264475,-1.451789379119873
M233A,3.74597067876,-3.1728200912475586
M233I,3.71997039068,-1.8668830394744873
M233K,3.68474152232571,-3.243600368499756
D234H,3.68884070649,-3.4689245223999023
D234N,3.5829391533599995,-2.615077495574951
D234V,3.60826572225833,-1.9595441818237305
D234Y,3.82637788676,-2.1968164443969727
D234G,3.70631295153273,-2.9596030712127686
E235K,3.65279893929667,-2.760239362716675
E235G,3.727375019617,-4.0590291023254395
E235D,3.5195049389,-3.9850127696990967
E235A,3.6351216966199993,-3.3260035514831543
E235V,3.712190873492,-3.0872931480407715
L236M,3.58579436639,-4.806789875030518
L236Q,3.74857998835,-5.1215596199035645
L236R,3.70650872587,-4.627142906188965
L236V,3.71570380253,-4.0780134201049805
L236P,3.70623774243,-5.036005020141602
Y237N,3.80946793561,-2.6581544876098633
Y237C,3.7602169976837496,-4.662467956542969
Y237D,3.75410080307,-3.1895439624786377
Y237F,3.67317326007333,-2.3630568981170654
Y237H,3.7354169846300014,-3.9619648456573486
